{"stats":{"minecraft:custom":{"minecraft:time_since_rest":481,"minecraft:sprint_one_cm":41185,"minecraft:damage_taken":416,"minecraft:walk_one_cm":17785,"minecraft:mob_kills":17,"minecraft:drop":1,"minecraft:damage_dealt":439,"minecraft:swim_one_cm":1450,"minecraft:player_kills":1,"minecraft:interact_with_crafting_table":2,"minecraft:fly_one_cm":111224,"minecraft:crouch_one_cm":721,"minecraft:play_time":14564,"minecraft:deaths":1,"minecraft:sneak_time":336,"minecraft:walk_under_water_one_cm":360,"minecraft:aviate_one_cm":152978,"minecraft:jump":243,"minecraft:leave_game":1,"minecraft:time_since_death":13986,"minecraft:walk_on_water_one_cm":267,"minecraft:total_world_time":14564,"minecraft:fall_one_cm":4140},"minecraft:picked_up":{"minecraft:birch_log":6,"minecraft:stick":3,"minecraft:dirt":8,"minecraft:elytra":1,"minecraft:flint_and_steel":1,"minecraft:firework_rocket":65,"minecraft:netherite_sword":1,"minecraft:granite":5,"minecraft:netherite_axe":1,"minecraft:player_head":2,"minecraft:cobblestone":21},"minecraft:killed":{"minecraft:sheep":1,"minecraft:skeleton":3,"minecraft:zombie":1,"minecraft:pig":1,"minecraft:bee":1,"minecraft:chicken":2,"minecraft:salmon":1,"minecraft:creeper":1,"minecraft:squid":5,"minecraft:cow":1},"minecraft:dropped":{"minecraft:wooden_pickaxe":1},"minecraft:crafted":{"minecraft:crafting_table":1,"minecraft:stick":4,"minecraft:wooden_pickaxe":1,"minecraft:stone_pickaxe":1,"minecraft:birch_planks":24},"minecraft:mined":{"minecraft:birch_log":6,"minecraft:grass_block":4,"minecraft:dirt":4,"minecraft:stone":3},"minecraft:used":{"minecraft:netherite_sword":15,"minecraft:firework_rocket":16,"minecraft:flint_and_steel":56,"minecraft:elytra":1,"minecraft:wooden_pickaxe":3,"minecraft:dirt":8,"minecraft:crafting_table":1,"minecraft:cooked_porkchop":3,"minecraft:granite":5}},"DataVersion":3465}