{"stats":{"minecraft:custom":{"minecraft:time_since_rest":11449,"minecraft:sprint_one_cm":35019,"minecraft:damage_taken":235,"minecraft:walk_one_cm":13773,"minecraft:mob_kills":16,"minecraft:drop":1,"minecraft:interact_with_crafting_table":2,"minecraft:fly_one_cm":98413,"minecraft:crouch_one_cm":714,"minecraft:play_time":12000,"minecraft:deaths":1,"minecraft:sneak_time":334,"minecraft:walk_under_water_one_cm":360,"minecraft:aviate_one_cm":152978,"minecraft:jump":161,"minecraft:time_since_death":11422,"minecraft:walk_on_water_one_cm":267,"minecraft:total_world_time":12000,"minecraft:fall_one_cm":1992},"minecraft:picked_up":{"minecraft:birch_log":6,"minecraft:stick":3,"minecraft:dirt":8,"minecraft:elytra":1,"minecraft:flint_and_steel":1,"minecraft:firework_rocket":65,"minecraft:netherite_sword":1,"minecraft:granite":5,"minecraft:netherite_axe":1,"minecraft:player_head":2,"minecraft:cobblestone":21},"minecraft:killed":{"minecraft:sheep":1,"minecraft:skeleton":3,"minecraft:pig":1,"minecraft:bee":1,"minecraft:chicken":2,"minecraft:salmon":1,"minecraft:creeper":1,"minecraft:squid":5,"minecraft:cow":1},"minecraft:dropped":{"minecraft:wooden_pickaxe":1},"minecraft:crafted":{"minecraft:crafting_table":1,"minecraft:stick":4,"minecraft:wooden_pickaxe":1,"minecraft:stone_pickaxe":1,"minecraft:birch_planks":24},"minecraft:mined":{"minecraft:birch_log":6,"minecraft:grass_block":4,"minecraft:dirt":4,"minecraft:stone":3},"minecraft:used":{"minecraft:firework_rocket":16,"minecraft:flint_and_steel":56,"minecraft:elytra":1,"minecraft:wooden_pickaxe":3,"minecraft:dirt":8,"minecraft:crafting_table":1,"minecraft:granite":5}},"DataVersion":3465}