{"stats":{"minecraft:picked_up":{"minecraft:stick":2,"minecraft:leather":9,"minecraft:dandelion":2,"minecraft:oak_log":8,"minecraft:gunpowder":1,"minecraft:spider_eye":1,"minecraft:cornflower":1,"minecraft:string":4,"minecraft:dirt":56,"minecraft:arrow":4,"minecraft:bone":2,"minecraft:rotten_flesh":13,"minecraft:wheat_seeds":24,"minecraft:mutton":2,"minecraft:white_wool":1,"minecraft:oxeye_daisy":1},"minecraft:mined":{"minecraft:birch_leaves":6,"minecraft:dandelion":1,"minecraft:grass":152,"minecraft:grass_block":8,"minecraft:oak_log":8,"minecraft:dirt":1,"minecraft:tall_grass":42,"minecraft:oak_leaves":2},"minecraft:dropped":{"minecraft:dirt":16,"minecraft:leather_chestplate":1,"minecraft:wheat_seeds":8,"minecraft:oak_log":4,"minecraft:leather_boots":1,"minecraft:leather_leggings":1,"minecraft:rotten_flesh":7,"minecraft:spider_eye":1,"minecraft:string":2,"minecraft:written_book":5,"minecraft:leather_helmet":1},"minecraft:used":{"minecraft:netherite_sword":76,"minecraft:lava_bucket":10,"minecraft:oxeye_daisy":1,"minecraft:grass_block":8,"minecraft:oak_planks":9,"minecraft:diamond_sword":20,"minecraft:dirt":6,"minecraft:written_book":5,"minecraft:bucket":5,"minecraft:dandelion":2},"minecraft:killed":{"minecraft:horse":10,"minecraft:sheep":1,"minecraft:skeleton":2,"minecraft:zombie":11,"minecraft:zombie_villager":1,"minecraft:spider":5},"minecraft:crafted":{"minecraft:oak_planks":16},"minecraft:custom":{"minecraft:time_since_rest":5645,"minecraft:sprint_one_cm":79927,"minecraft:walk_one_cm":68107,"minecraft:damage_taken":2033,"minecraft:mob_kills":35,"minecraft:drop":43,"minecraft:damage_dealt":6652,"minecraft:fly_one_cm":326602,"minecraft:crouch_one_cm":4676,"minecraft:play_time":42295,"minecraft:deaths":8,"minecraft:sneak_time":1736,"minecraft:jump":661,"minecraft:leave_game":4,"minecraft:walk_on_water_one_cm":58,"minecraft:time_since_death":5563,"minecraft:total_world_time":42295,"minecraft:fall_one_cm":32564},"minecraft:killed_by":{"minecraft:zombie_villager":1,"minecraft:skeleton":3}},"DataVersion":3465}