{"stats":{"minecraft:custom":{"minecraft:mob_kills":60,"minecraft:leave_game":11,"minecraft:time_since_death":616,"minecraft:time_since_rest":649,"minecraft:sprint_one_cm":133026,"minecraft:damage_taken":3968,"minecraft:walk_one_cm":111371,"minecraft:drop":273,"minecraft:damage_dealt":11420,"minecraft:swim_one_cm":394,"minecraft:fly_one_cm":581473,"minecraft:open_chest":4,"minecraft:crouch_one_cm":6817,"minecraft:play_time":100355,"minecraft:deaths":15,"minecraft:sneak_time":2841,"minecraft:walk_under_water_one_cm":522,"minecraft:jump":1186,"minecraft:walk_on_water_one_cm":398,"minecraft:total_world_time":100355,"minecraft:fall_one_cm":48879,"minecraft:horse_one_cm":392},"minecraft:picked_up":{"minecraft:leather":9,"minecraft:diamond_sword":2,"minecraft:jungle_wood":3,"minecraft:oak_log":16,"minecraft:gunpowder":4,"minecraft:cornflower":1,"minecraft:dirt":72,"minecraft:string":11,"minecraft:bone":8,"minecraft:wheat_seeds":36,"minecraft:iron_ingot":1,"minecraft:written_book":2,"minecraft:stick":2,"minecraft:dandelion":2,"minecraft:lava_bucket":2,"minecraft:porkchop":2,"minecraft:spider_eye":5,"minecraft:arrow":7,"minecraft:rotten_flesh":23,"minecraft:mutton":4,"minecraft:white_wool":2,"minecraft:oxeye_daisy":2},"minecraft:killed":{"minecraft:pig":1,"minecraft:zombie_villager":2,"minecraft:spider":11,"minecraft:creeper":2,"minecraft:sheep":2,"minecraft:horse":11,"minecraft:skeleton":6,"minecraft:zombie":20},"minecraft:dropped":{"minecraft:porkchop":2,"minecraft:wheat_seeds":17,"minecraft:oak_log":74,"minecraft:rotten_flesh":9,"minecraft:jungle_wood":63,"minecraft:stripped_jungle_log":30,"minecraft:leather_helmet":1,"minecraft:oxeye_daisy":1,"minecraft:leather_chestplate":1,"minecraft:dirt":16,"minecraft:mutton":2,"minecraft:jungle_log":50,"minecraft:leather_boots":1,"minecraft:leather_leggings":1,"minecraft:spider_eye":2,"minecraft:string":4,"minecraft:written_book":8,"minecraft:white_wool":1},"minecraft:killed_by":{"minecraft:zombie_villager":1,"minecraft:skeleton":3,"minecraft:spider":1},"minecraft:mined":{"minecraft:dandelion":1,"minecraft:grass_block":10,"minecraft:tall_grass":45,"minecraft:oxeye_daisy":1,"minecraft:birch_leaves":6,"minecraft:grass":205,"minecraft:oak_log":8,"minecraft:dirt":1,"minecraft:oak_leaves":3},"minecraft:crafted":{"minecraft:oak_planks":16},"minecraft:used":{"minecraft:netherite_sword":76,"minecraft:oak_planks":9,"minecraft:oak_sign":3,"minecraft:chest":5,"minecraft:jungle_wood":14,"minecraft:dirt":8,"minecraft:oak_log":2,"minecraft:lava_bucket":10,"minecraft:oxeye_daisy":1,"minecraft:grass_block":8,"minecraft:jungle_log":6,"minecraft:diamond_sword":97,"minecraft:written_book":5,"minecraft:bucket":5,"minecraft:dandelion":2}},"DataVersion":3465}