{"stats":{"minecraft:killed_by":{"minecraft:skeleton":2},"minecraft:picked_up":{"minecraft:stick":2,"minecraft:leather":9,"minecraft:dandelion":1,"minecraft:oak_log":4,"minecraft:gunpowder":1,"minecraft:cornflower":1,"minecraft:dirt":34,"minecraft:string":2,"minecraft:bone":2,"minecraft:arrow":4,"minecraft:rotten_flesh":6,"minecraft:wheat_seeds":10,"minecraft:mutton":2,"minecraft:white_wool":1,"minecraft:oxeye_daisy":1},"minecraft:mined":{"minecraft:birch_leaves":6,"minecraft:grass":17,"minecraft:grass_block":3,"minecraft:oak_log":4,"minecraft:tall_grass":39},"minecraft:custom":{"minecraft:time_since_rest":539,"minecraft:sprint_one_cm":34456,"minecraft:walk_one_cm":38607,"minecraft:damage_taken":515,"minecraft:mob_kills":27,"minecraft:damage_dealt":5126,"minecraft:fly_one_cm":182079,"minecraft:crouch_one_cm":3087,"minecraft:play_time":13805,"minecraft:deaths":2,"minecraft:sneak_time":749,"minecraft:jump":275,"minecraft:leave_game":3,"minecraft:time_since_death":514,"minecraft:walk_on_water_one_cm":58,"minecraft:total_world_time":13805,"minecraft:fall_one_cm":10014},"minecraft:used":{"minecraft:netherite_sword":76,"minecraft:oxeye_daisy":1,"minecraft:grass_block":8,"minecraft:oak_planks":9,"minecraft:dandelion":1},"minecraft:crafted":{"minecraft:oak_planks":16},"minecraft:killed":{"minecraft:horse":10,"minecraft:sheep":1,"minecraft:skeleton":2,"minecraft:zombie":6,"minecraft:spider":4}},"DataVersion":3465}