{"stats":{"minecraft:killed_by":{"minecraft:zombie_villager":1,"minecraft:skeleton":3},"minecraft:crafted":{"minecraft:oak_planks":16},"minecraft:custom":{"minecraft:time_since_rest":26621,"minecraft:sprint_one_cm":114477,"minecraft:damage_taken":3283,"minecraft:walk_one_cm":91588,"minecraft:mob_kills":39,"minecraft:drop":272,"minecraft:damage_dealt":7483,"minecraft:fly_one_cm":535677,"minecraft:open_chest":4,"minecraft:crouch_one_cm":5554,"minecraft:play_time":94355,"minecraft:deaths":13,"minecraft:sneak_time":2529,"minecraft:jump":995,"minecraft:leave_game":11,"minecraft:walk_on_water_one_cm":58,"minecraft:time_since_death":26598,"minecraft:total_world_time":94355,"minecraft:fall_one_cm":42696,"minecraft:horse_one_cm":392},"minecraft:mined":{"minecraft:birch_leaves":6,"minecraft:dandelion":1,"minecraft:grass":199,"minecraft:grass_block":10,"minecraft:oak_log":8,"minecraft:dirt":1,"minecraft:tall_grass":45,"minecraft:oxeye_daisy":1,"minecraft:oak_leaves":2},"minecraft:picked_up":{"minecraft:stick":2,"minecraft:leather":9,"minecraft:diamond_sword":2,"minecraft:dandelion":2,"minecraft:lava_bucket":2,"minecraft:oak_log":16,"minecraft:gunpowder":1,"minecraft:string":6,"minecraft:cornflower":1,"minecraft:spider_eye":2,"minecraft:dirt":58,"minecraft:arrow":4,"minecraft:bone":2,"minecraft:rotten_flesh":15,"minecraft:wheat_seeds":33,"minecraft:written_book":2,"minecraft:mutton":4,"minecraft:white_wool":2,"minecraft:oxeye_daisy":2},"minecraft:used":{"minecraft:oak_log":2,"minecraft:netherite_sword":76,"minecraft:lava_bucket":10,"minecraft:oxeye_daisy":1,"minecraft:grass_block":8,"minecraft:oak_planks":9,"minecraft:oak_sign":3,"minecraft:chest":5,"minecraft:diamond_sword":26,"minecraft:dirt":8,"minecraft:written_book":5,"minecraft:bucket":5,"minecraft:dandelion":2},"minecraft:killed":{"minecraft:horse":10,"minecraft:sheep":2,"minecraft:skeleton":2,"minecraft:zombie":13,"minecraft:zombie_villager":1,"minecraft:spider":6},"minecraft:dropped":{"minecraft:oxeye_daisy":1,"minecraft:dirt":16,"minecraft:leather_chestplate":1,"minecraft:wheat_seeds":17,"minecraft:oak_log":74,"minecraft:mutton":2,"minecraft:jungle_log":50,"minecraft:leather_boots":1,"minecraft:rotten_flesh":9,"minecraft:leather_leggings":1,"minecraft:jungle_wood":63,"minecraft:spider_eye":2,"minecraft:stripped_jungle_log":30,"minecraft:string":4,"minecraft:written_book":8,"minecraft:white_wool":1,"minecraft:leather_helmet":1}},"DataVersion":3465}