{"stats":{"minecraft:picked_up":{"minecraft:stick":2,"minecraft:leather":9,"minecraft:dandelion":1,"minecraft:oak_log":5,"minecraft:gunpowder":1,"minecraft:cornflower":1,"minecraft:string":2,"minecraft:dirt":40,"minecraft:arrow":4,"minecraft:bone":2,"minecraft:rotten_flesh":6,"minecraft:wheat_seeds":14,"minecraft:mutton":2,"minecraft:white_wool":1,"minecraft:oxeye_daisy":1},"minecraft:mined":{"minecraft:birch_leaves":6,"minecraft:grass":73,"minecraft:grass_block":8,"minecraft:oak_log":5,"minecraft:dirt":1,"minecraft:tall_grass":39},"minecraft:dropped":{"minecraft:wheat_seeds":4},"minecraft:used":{"minecraft:netherite_sword":76,"minecraft:oxeye_daisy":1,"minecraft:grass_block":8,"minecraft:oak_planks":9,"minecraft:dirt":6,"minecraft:dandelion":1},"minecraft:killed":{"minecraft:horse":10,"minecraft:sheep":1,"minecraft:skeleton":2,"minecraft:zombie":7,"minecraft:spider":4},"minecraft:crafted":{"minecraft:oak_planks":16},"minecraft:custom":{"minecraft:time_since_rest":5029,"minecraft:sprint_one_cm":42345,"minecraft:walk_one_cm":44131,"minecraft:damage_taken":590,"minecraft:mob_kills":28,"minecraft:drop":3,"minecraft:damage_dealt":5330,"minecraft:fly_one_cm":248771,"minecraft:crouch_one_cm":3712,"minecraft:play_time":18295,"minecraft:deaths":2,"minecraft:sneak_time":938,"minecraft:jump":326,"minecraft:leave_game":4,"minecraft:walk_on_water_one_cm":58,"minecraft:time_since_death":5004,"minecraft:total_world_time":18295,"minecraft:fall_one_cm":11477},"minecraft:killed_by":{"minecraft:skeleton":2}},"DataVersion":3465}