{"stats":{"minecraft:custom":{"minecraft:mob_kills":79,"minecraft:leave_game":12,"minecraft:time_since_death":4802,"minecraft:time_since_rest":4829,"minecraft:sprint_one_cm":150473,"minecraft:damage_taken":5638,"minecraft:walk_one_cm":127467,"minecraft:drop":274,"minecraft:damage_dealt":12401,"minecraft:swim_one_cm":2107,"minecraft:fly_one_cm":727653,"minecraft:open_chest":5,"minecraft:crouch_one_cm":8225,"minecraft:play_time":139410,"minecraft:deaths":20,"minecraft:sneak_time":3922,"minecraft:walk_under_water_one_cm":522,"minecraft:aviate_one_cm":1255702,"minecraft:jump":1353,"minecraft:walk_on_water_one_cm":622,"minecraft:total_world_time":139410,"minecraft:fall_one_cm":71373,"minecraft:horse_one_cm":392},"minecraft:picked_up":{"minecraft:leather":9,"minecraft:diamond_sword":2,"minecraft:jungle_wood":3,"minecraft:oak_log":16,"minecraft:gunpowder":4,"minecraft:cornflower":1,"minecraft:dirt":72,"minecraft:string":11,"minecraft:bone":9,"minecraft:wheat_seeds":36,"minecraft:iron_ingot":1,"minecraft:written_book":2,"minecraft:stick":2,"minecraft:dandelion":2,"minecraft:lava_bucket":2,"minecraft:porkchop":2,"minecraft:spider_eye":5,"minecraft:arrow":12,"minecraft:rotten_flesh":27,"minecraft:mutton":4,"minecraft:white_wool":2,"minecraft:oxeye_daisy":2},"minecraft:killed":{"minecraft:pig":3,"minecraft:zombie_villager":2,"minecraft:salmon":1,"minecraft:spider":12,"minecraft:creeper":7,"minecraft:sheep":2,"minecraft:horse":11,"minecraft:skeleton":9,"minecraft:zombie":22,"minecraft:chicken":4},"minecraft:dropped":{"minecraft:porkchop":2,"minecraft:wheat_seeds":17,"minecraft:oak_log":74,"minecraft:rotten_flesh":9,"minecraft:jungle_wood":63,"minecraft:stripped_jungle_log":30,"minecraft:leather_helmet":1,"minecraft:oxeye_daisy":1,"minecraft:leather_chestplate":1,"minecraft:dirt":16,"minecraft:mutton":2,"minecraft:jungle_log":50,"minecraft:leather_boots":1,"minecraft:leather_leggings":1,"minecraft:spider_eye":2,"minecraft:string":9,"minecraft:written_book":8,"minecraft:white_wool":1},"minecraft:killed_by":{"minecraft:zombie_villager":1,"minecraft:skeleton":3,"minecraft:creeper":1,"minecraft:spider":1},"minecraft:mined":{"minecraft:dandelion":1,"minecraft:grass_block":10,"minecraft:tall_grass":45,"minecraft:oxeye_daisy":1,"minecraft:birch_leaves":6,"minecraft:grass":207,"minecraft:oak_log":8,"minecraft:dirt":1,"minecraft:oak_leaves":3},"minecraft:crafted":{"minecraft:oak_planks":16},"minecraft:used":{"minecraft:netherite_sword":76,"minecraft:flint_and_steel":1,"minecraft:oak_planks":9,"minecraft:oak_sign":3,"minecraft:chest":5,"minecraft:jungle_wood":14,"minecraft:dirt":8,"minecraft:oak_log":2,"minecraft:lava_bucket":10,"minecraft:firework_rocket":95,"minecraft:oxeye_daisy":1,"minecraft:grass_block":8,"minecraft:jungle_log":6,"minecraft:deepslate":5,"minecraft:diamond_sword":113,"minecraft:written_book":5,"minecraft:bucket":5,"minecraft:dandelion":2}},"DataVersion":3465}