{"stats":{"minecraft:picked_up":{"minecraft:stick":2,"minecraft:leather":9,"minecraft:dandelion":2,"minecraft:oak_log":8,"minecraft:gunpowder":1,"minecraft:cornflower":1,"minecraft:string":2,"minecraft:dirt":40,"minecraft:arrow":4,"minecraft:bone":2,"minecraft:rotten_flesh":10,"minecraft:wheat_seeds":21,"minecraft:mutton":2,"minecraft:white_wool":1,"minecraft:oxeye_daisy":1},"minecraft:mined":{"minecraft:birch_leaves":6,"minecraft:dandelion":1,"minecraft:grass":115,"minecraft:grass_block":8,"minecraft:oak_log":8,"minecraft:dirt":1,"minecraft:tall_grass":41,"minecraft:oak_leaves":2},"minecraft:dropped":{"minecraft:wheat_seeds":5,"minecraft:rotten_flesh":2},"minecraft:used":{"minecraft:netherite_sword":76,"minecraft:lava_bucket":5,"minecraft:oxeye_daisy":1,"minecraft:grass_block":8,"minecraft:oak_planks":9,"minecraft:dirt":6,"minecraft:written_book":2,"minecraft:dandelion":2},"minecraft:killed":{"minecraft:horse":10,"minecraft:sheep":1,"minecraft:skeleton":2,"minecraft:zombie":8,"minecraft:spider":4},"minecraft:crafted":{"minecraft:oak_planks":16},"minecraft:custom":{"minecraft:time_since_rest":880,"minecraft:sprint_one_cm":56052,"minecraft:walk_one_cm":51873,"minecraft:damage_taken":1135,"minecraft:mob_kills":29,"minecraft:drop":5,"minecraft:damage_dealt":5524,"minecraft:fly_one_cm":278598,"minecraft:crouch_one_cm":4306,"minecraft:play_time":30295,"minecraft:deaths":4,"minecraft:sneak_time":1411,"minecraft:jump":468,"minecraft:leave_game":4,"minecraft:walk_on_water_one_cm":58,"minecraft:time_since_death":838,"minecraft:total_world_time":30295,"minecraft:fall_one_cm":20341},"minecraft:killed_by":{"minecraft:skeleton":2}},"DataVersion":3465}