{"stats":{"minecraft:picked_up":{"minecraft:stick":2,"minecraft:leather":9,"minecraft:dandelion":2,"minecraft:diamond_sword":1,"minecraft:lava_bucket":1,"minecraft:oak_log":8,"minecraft:gunpowder":1,"minecraft:string":6,"minecraft:cornflower":1,"minecraft:spider_eye":2,"minecraft:dirt":58,"minecraft:arrow":4,"minecraft:bone":2,"minecraft:rotten_flesh":13,"minecraft:wheat_seeds":33,"minecraft:written_book":1,"minecraft:mutton":4,"minecraft:white_wool":2,"minecraft:oxeye_daisy":2},"minecraft:mined":{"minecraft:birch_leaves":6,"minecraft:dandelion":1,"minecraft:grass":195,"minecraft:grass_block":10,"minecraft:oak_log":8,"minecraft:dirt":1,"minecraft:tall_grass":45,"minecraft:oxeye_daisy":1,"minecraft:oak_leaves":2},"minecraft:dropped":{"minecraft:oxeye_daisy":1,"minecraft:leather_chestplate":1,"minecraft:dirt":16,"minecraft:wheat_seeds":17,"minecraft:oak_log":4,"minecraft:mutton":2,"minecraft:leather_boots":1,"minecraft:rotten_flesh":7,"minecraft:leather_leggings":1,"minecraft:spider_eye":2,"minecraft:string":4,"minecraft:written_book":6,"minecraft:white_wool":1,"minecraft:leather_helmet":1},"minecraft:used":{"minecraft:netherite_sword":76,"minecraft:lava_bucket":10,"minecraft:oxeye_daisy":1,"minecraft:grass_block":8,"minecraft:oak_planks":9,"minecraft:diamond_sword":23,"minecraft:dirt":8,"minecraft:written_book":5,"minecraft:bucket":5,"minecraft:dandelion":2},"minecraft:killed":{"minecraft:horse":10,"minecraft:sheep":2,"minecraft:skeleton":2,"minecraft:zombie":12,"minecraft:zombie_villager":1,"minecraft:spider":6},"minecraft:crafted":{"minecraft:oak_planks":16},"minecraft:custom":{"minecraft:time_since_rest":11219,"minecraft:sprint_one_cm":97365,"minecraft:damage_taken":2338,"minecraft:walk_one_cm":76943,"minecraft:mob_kills":38,"minecraft:drop":55,"minecraft:damage_dealt":7283,"minecraft:fly_one_cm":359923,"minecraft:crouch_one_cm":5025,"minecraft:play_time":55160,"minecraft:deaths":9,"minecraft:sneak_time":1803,"minecraft:jump":840,"minecraft:leave_game":7,"minecraft:walk_on_water_one_cm":58,"minecraft:time_since_death":11194,"minecraft:total_world_time":55160,"minecraft:fall_one_cm":36121,"minecraft:horse_one_cm":392},"minecraft:killed_by":{"minecraft:zombie_villager":1,"minecraft:skeleton":3}},"DataVersion":3465}