{"stats":{"minecraft:picked_up":{"minecraft:oak_sapling":1},"minecraft:mined":{"minecraft:oak_leaves":4},"minecraft:used":{"minecraft:oak_sapling":1},"minecraft:custom":{"minecraft:jump":27,"minecraft:time_since_rest":1074,"minecraft:leave_game":1,"minecraft:sprint_one_cm":3535,"minecraft:play_time":1074,"minecraft:damage_taken":20,"minecraft:time_since_death":1074,"minecraft:walk_one_cm":1873,"minecraft:total_world_time":1074,"minecraft:fall_one_cm":1507,"minecraft:fly_one_cm":6972}},"DataVersion":3465}